{
    "test_metrics": {
        "accuracy": 0.7758620689655172,
        "precision": 0.6842105263157895,
        "recall": 0.65,
        "f1": 0.6666666666666666
    }
}